"iri","val"
"http://purl.obolibrary.org/obo/PATO_0000001",10776
"http://purl.obolibrary.org/obo/PATO_0000004",17
"http://purl.obolibrary.org/obo/PATO_0000008",15
"http://purl.obolibrary.org/obo/PATO_0000011",18
"http://purl.obolibrary.org/obo/PATO_0000014",216
"http://purl.obolibrary.org/obo/PATO_0000016",4
"http://purl.obolibrary.org/obo/PATO_0000017",33
"http://purl.obolibrary.org/obo/PATO_0000018",12
"http://purl.obolibrary.org/obo/PATO_0000019",14
"http://purl.obolibrary.org/obo/PATO_0000025",473
"http://purl.obolibrary.org/obo/PATO_0000033",42
"http://purl.obolibrary.org/obo/PATO_0000037",3
"http://purl.obolibrary.org/obo/PATO_0000039",20
"http://purl.obolibrary.org/obo/PATO_0000040",21
"http://purl.obolibrary.org/obo/PATO_0000043",2
"http://purl.obolibrary.org/obo/PATO_0000044",54
"http://purl.obolibrary.org/obo/PATO_0000047",7
"http://purl.obolibrary.org/obo/PATO_0000048",5
"http://purl.obolibrary.org/obo/PATO_0000049",15
"http://purl.obolibrary.org/obo/PATO_0000050",10
"http://purl.obolibrary.org/obo/PATO_0000051",10515
"http://purl.obolibrary.org/obo/PATO_0000052",575
"http://purl.obolibrary.org/obo/PATO_0000057",485
"http://purl.obolibrary.org/obo/PATO_0000060",494
"http://purl.obolibrary.org/obo/PATO_0000066",3
"http://purl.obolibrary.org/obo/PATO_0000068",4
"http://purl.obolibrary.org/obo/PATO_0000069",50
"http://purl.obolibrary.org/obo/PATO_0000070",3301
"http://purl.obolibrary.org/obo/PATO_0000077",28
"http://purl.obolibrary.org/obo/PATO_0000078",14
"http://purl.obolibrary.org/obo/PATO_0000080",14
"http://purl.obolibrary.org/obo/PATO_0000082",12
"http://purl.obolibrary.org/obo/PATO_0000083",11
"http://purl.obolibrary.org/obo/PATO_0000085",8
"http://purl.obolibrary.org/obo/PATO_0000117",2013
"http://purl.obolibrary.org/obo/PATO_0000119",57
"http://purl.obolibrary.org/obo/PATO_0000122",730
"http://purl.obolibrary.org/obo/PATO_0000125",21572
"http://purl.obolibrary.org/obo/PATO_0000128",234
"http://purl.obolibrary.org/obo/PATO_0000133",136
"http://purl.obolibrary.org/obo/PATO_0000136",193
"http://purl.obolibrary.org/obo/PATO_0000140",513
"http://purl.obolibrary.org/obo/PATO_0000141",682
"http://purl.obolibrary.org/obo/PATO_0000146",56
"http://purl.obolibrary.org/obo/PATO_0000150",54
"http://purl.obolibrary.org/obo/PATO_0000152",4
"http://purl.obolibrary.org/obo/PATO_0000161",598
"http://purl.obolibrary.org/obo/PATO_0000165",12
"http://purl.obolibrary.org/obo/PATO_0000169",12
"http://purl.obolibrary.org/obo/PATO_0000185",4
"http://purl.obolibrary.org/obo/PATO_0000186",5
"http://purl.obolibrary.org/obo/PATO_0000188",2
"http://purl.obolibrary.org/obo/PATO_0000261",5
"http://purl.obolibrary.org/obo/PATO_0000273",8
"http://purl.obolibrary.org/obo/PATO_0000274",19
"http://purl.obolibrary.org/obo/PATO_0000276",4
"http://purl.obolibrary.org/obo/PATO_0000277",6
"http://purl.obolibrary.org/obo/PATO_0000279",6
"http://purl.obolibrary.org/obo/PATO_0000297",345
"http://purl.obolibrary.org/obo/PATO_0000299",1
"http://purl.obolibrary.org/obo/PATO_0000300",20
"http://purl.obolibrary.org/obo/PATO_0000303",8
"http://purl.obolibrary.org/obo/PATO_0000304",30
"http://purl.obolibrary.org/obo/PATO_0000308",2
"http://purl.obolibrary.org/obo/PATO_0000309",2
"http://purl.obolibrary.org/obo/PATO_0000317",6
"http://purl.obolibrary.org/obo/PATO_0000318",7
"http://purl.obolibrary.org/obo/PATO_0000319",2
"http://purl.obolibrary.org/obo/PATO_0000320",8
"http://purl.obolibrary.org/obo/PATO_0000322",8
"http://purl.obolibrary.org/obo/PATO_0000323",16
"http://purl.obolibrary.org/obo/PATO_0000324",3
"http://purl.obolibrary.org/obo/PATO_0000327",9
"http://purl.obolibrary.org/obo/PATO_0000328",29
"http://purl.obolibrary.org/obo/PATO_0000329",1
"http://purl.obolibrary.org/obo/PATO_0000330",113
"http://purl.obolibrary.org/obo/PATO_0000331",10
"http://purl.obolibrary.org/obo/PATO_0000333",9
"http://purl.obolibrary.org/obo/PATO_0000336",6
"http://purl.obolibrary.org/obo/PATO_0000337",16
"http://purl.obolibrary.org/obo/PATO_0000345",2
"http://purl.obolibrary.org/obo/PATO_0000374",39
"http://purl.obolibrary.org/obo/PATO_0000375",29
"http://purl.obolibrary.org/obo/PATO_0000380",34
"http://purl.obolibrary.org/obo/PATO_0000381",48
"http://purl.obolibrary.org/obo/PATO_0000383",13768
"http://purl.obolibrary.org/obo/PATO_0000384",12317
"http://purl.obolibrary.org/obo/PATO_0000386",5
"http://purl.obolibrary.org/obo/PATO_0000387",3
"http://purl.obolibrary.org/obo/PATO_0000389",6
"http://purl.obolibrary.org/obo/PATO_0000394",4
"http://purl.obolibrary.org/obo/PATO_0000395",4
"http://purl.obolibrary.org/obo/PATO_0000396",19
"http://purl.obolibrary.org/obo/PATO_0000402",57
"http://purl.obolibrary.org/obo/PATO_0000403",45
"http://purl.obolibrary.org/obo/PATO_0000404",9
"http://purl.obolibrary.org/obo/PATO_0000405",18
"http://purl.obolibrary.org/obo/PATO_0000406",109
"http://purl.obolibrary.org/obo/PATO_0000407",51
"http://purl.obolibrary.org/obo/PATO_0000410",1
"http://purl.obolibrary.org/obo/PATO_0000411",92
"http://purl.obolibrary.org/obo/PATO_0000413",7
"http://purl.obolibrary.org/obo/PATO_0000414",4
"http://purl.obolibrary.org/obo/PATO_0000422",53
"http://purl.obolibrary.org/obo/PATO_0000427",5
"http://purl.obolibrary.org/obo/PATO_0000428",6
"http://purl.obolibrary.org/obo/PATO_0000440",3
"http://purl.obolibrary.org/obo/PATO_0000453",1
"http://purl.obolibrary.org/obo/PATO_0000454",4
"http://purl.obolibrary.org/obo/PATO_0000460",53051
"http://purl.obolibrary.org/obo/PATO_0000461",1789
"http://purl.obolibrary.org/obo/PATO_0000462",2216
"http://purl.obolibrary.org/obo/PATO_0000464",3
"http://purl.obolibrary.org/obo/PATO_0000467",708
"http://purl.obolibrary.org/obo/PATO_0000470",2749
"http://purl.obolibrary.org/obo/PATO_0000488",1
"http://purl.obolibrary.org/obo/PATO_0000498",152
"http://purl.obolibrary.org/obo/PATO_0000499",62
"http://purl.obolibrary.org/obo/PATO_0000500",1
"http://purl.obolibrary.org/obo/PATO_0000502",426
"http://purl.obolibrary.org/obo/PATO_0000503",1
"http://purl.obolibrary.org/obo/PATO_0000504",3
"http://purl.obolibrary.org/obo/PATO_0000505",2
"http://purl.obolibrary.org/obo/PATO_0000513",7
"http://purl.obolibrary.org/obo/PATO_0000515",10
"http://purl.obolibrary.org/obo/PATO_0000516",7
"http://purl.obolibrary.org/obo/PATO_0000547",6
"http://purl.obolibrary.org/obo/PATO_0000569",30
"http://purl.obolibrary.org/obo/PATO_0000570",17
"http://purl.obolibrary.org/obo/PATO_0000573",255
"http://purl.obolibrary.org/obo/PATO_0000574",585
"http://purl.obolibrary.org/obo/PATO_0000582",65
"http://purl.obolibrary.org/obo/PATO_0000583",58
"http://purl.obolibrary.org/obo/PATO_0000584",106
"http://purl.obolibrary.org/obo/PATO_0000585",34
"http://purl.obolibrary.org/obo/PATO_0000586",761
"http://purl.obolibrary.org/obo/PATO_0000587",1027
"http://purl.obolibrary.org/obo/PATO_0000591",216
"http://purl.obolibrary.org/obo/PATO_0000592",279
"http://purl.obolibrary.org/obo/PATO_0000595",60
"http://purl.obolibrary.org/obo/PATO_0000596",87
"http://purl.obolibrary.org/obo/PATO_0000599",129
"http://purl.obolibrary.org/obo/PATO_0000600",304
"http://purl.obolibrary.org/obo/PATO_0000608",20
"http://purl.obolibrary.org/obo/PATO_0000609",49
"http://purl.obolibrary.org/obo/PATO_0000610",19
"http://purl.obolibrary.org/obo/PATO_0000613",35
"http://purl.obolibrary.org/obo/PATO_0000614",5
"http://purl.obolibrary.org/obo/PATO_0000615",10
"http://purl.obolibrary.org/obo/PATO_0000616",73
"http://purl.obolibrary.org/obo/PATO_0000617",45
"http://purl.obolibrary.org/obo/PATO_0000618",19
"http://purl.obolibrary.org/obo/PATO_0000619",8
"http://purl.obolibrary.org/obo/PATO_0000620",12
"http://purl.obolibrary.org/obo/PATO_0000622",5
"http://purl.obolibrary.org/obo/PATO_0000623",20
"http://purl.obolibrary.org/obo/PATO_0000624",1
"http://purl.obolibrary.org/obo/PATO_0000625",29
"http://purl.obolibrary.org/obo/PATO_0000626",6
"http://purl.obolibrary.org/obo/PATO_0000627",24
"http://purl.obolibrary.org/obo/PATO_0000628",670
"http://purl.obolibrary.org/obo/PATO_0000629",25
"http://purl.obolibrary.org/obo/PATO_0000630",7
"http://purl.obolibrary.org/obo/PATO_0000631",6
"http://purl.obolibrary.org/obo/PATO_0000632",18
"http://purl.obolibrary.org/obo/PATO_0000634",9
"http://purl.obolibrary.org/obo/PATO_0000635",8
"http://purl.obolibrary.org/obo/PATO_0000636",7
"http://purl.obolibrary.org/obo/PATO_0000638",219
"http://purl.obolibrary.org/obo/PATO_0000639",238
"http://purl.obolibrary.org/obo/PATO_0000640",76
"http://purl.obolibrary.org/obo/PATO_0000642",274
"http://purl.obolibrary.org/obo/PATO_0000643",11
"http://purl.obolibrary.org/obo/PATO_0000644",159
"http://purl.obolibrary.org/obo/PATO_0000645",597
"http://purl.obolibrary.org/obo/PATO_0000646",392
"http://purl.obolibrary.org/obo/PATO_0000647",46
"http://purl.obolibrary.org/obo/PATO_0000648",38
"http://purl.obolibrary.org/obo/PATO_0000651",21
"http://purl.obolibrary.org/obo/PATO_0000665",1
"http://purl.obolibrary.org/obo/PATO_0000688",9
"http://purl.obolibrary.org/obo/PATO_0000689",9
"http://purl.obolibrary.org/obo/PATO_0000690",20
"http://purl.obolibrary.org/obo/PATO_0000692",5
"http://purl.obolibrary.org/obo/PATO_0000694",138
"http://purl.obolibrary.org/obo/PATO_0000700",31
"http://purl.obolibrary.org/obo/PATO_0000701",8
"http://purl.obolibrary.org/obo/PATO_0000706",1
"http://purl.obolibrary.org/obo/PATO_0000708",1
"http://purl.obolibrary.org/obo/PATO_0000718",28
"http://purl.obolibrary.org/obo/PATO_0000719",8
"http://purl.obolibrary.org/obo/PATO_0000758",1
"http://purl.obolibrary.org/obo/PATO_0000760",6
"http://purl.obolibrary.org/obo/PATO_0000761",4
"http://purl.obolibrary.org/obo/PATO_0000763",25
"http://purl.obolibrary.org/obo/PATO_0000770",11
"http://purl.obolibrary.org/obo/PATO_0000888",6
"http://purl.obolibrary.org/obo/PATO_0000890",4
"http://purl.obolibrary.org/obo/PATO_0000891",6
"http://purl.obolibrary.org/obo/PATO_0000892",8
"http://purl.obolibrary.org/obo/PATO_0000911",710
"http://purl.obolibrary.org/obo/PATO_0000912",574
"http://purl.obolibrary.org/obo/PATO_0000915",174
"http://purl.obolibrary.org/obo/PATO_0000918",118
"http://purl.obolibrary.org/obo/PATO_0000921",151
"http://purl.obolibrary.org/obo/PATO_0000927",10
"http://purl.obolibrary.org/obo/PATO_0000936",64
"http://purl.obolibrary.org/obo/PATO_0000937",649
"http://purl.obolibrary.org/obo/PATO_0000938",33
"http://purl.obolibrary.org/obo/PATO_0000941",44
"http://purl.obolibrary.org/obo/PATO_0000944",51
"http://purl.obolibrary.org/obo/PATO_0000946",4
"http://purl.obolibrary.org/obo/PATO_0000947",8
"http://purl.obolibrary.org/obo/PATO_0000950",5
"http://purl.obolibrary.org/obo/PATO_0000951",2
"http://purl.obolibrary.org/obo/PATO_0000952",12
"http://purl.obolibrary.org/obo/PATO_0000955",6
"http://purl.obolibrary.org/obo/PATO_0000956",13
"http://purl.obolibrary.org/obo/PATO_0000957",35
"http://purl.obolibrary.org/obo/PATO_0000963",31
"http://purl.obolibrary.org/obo/PATO_0000964",10
"http://purl.obolibrary.org/obo/PATO_0000965",77
"http://purl.obolibrary.org/obo/PATO_0000967",55
"http://purl.obolibrary.org/obo/PATO_0000969",6
"http://purl.obolibrary.org/obo/PATO_0000970",30
"http://purl.obolibrary.org/obo/PATO_0000973",8
"http://purl.obolibrary.org/obo/PATO_0000982",2
"http://purl.obolibrary.org/obo/PATO_0000983",2
"http://purl.obolibrary.org/obo/PATO_0000984",20
"http://purl.obolibrary.org/obo/PATO_0000992",6
"http://purl.obolibrary.org/obo/PATO_0000998",1
"http://purl.obolibrary.org/obo/PATO_0001005",3
"http://purl.obolibrary.org/obo/PATO_0001018",31
"http://purl.obolibrary.org/obo/PATO_0001019",93
"http://purl.obolibrary.org/obo/PATO_0001020",16
"http://purl.obolibrary.org/obo/PATO_0001021",6
"http://purl.obolibrary.org/obo/PATO_0001022",2
"http://purl.obolibrary.org/obo/PATO_0001023",2
"http://purl.obolibrary.org/obo/PATO_0001024",2
"http://purl.obolibrary.org/obo/PATO_0001025",39
"http://purl.obolibrary.org/obo/PATO_0001026",3
"http://purl.obolibrary.org/obo/PATO_0001028",2
"http://purl.obolibrary.org/obo/PATO_0001029",2
"http://purl.obolibrary.org/obo/PATO_0001030",2
"http://purl.obolibrary.org/obo/PATO_0001031",15
"http://purl.obolibrary.org/obo/PATO_0001034",1
"http://purl.obolibrary.org/obo/PATO_0001035",5
"http://purl.obolibrary.org/obo/PATO_0001043",10
"http://purl.obolibrary.org/obo/PATO_0001046",6
"http://purl.obolibrary.org/obo/PATO_0001051",2
"http://purl.obolibrary.org/obo/PATO_0001052",4
"http://purl.obolibrary.org/obo/PATO_0001152",2
"http://purl.obolibrary.org/obo/PATO_0001154",63
"http://purl.obolibrary.org/obo/PATO_0001159",194
"http://purl.obolibrary.org/obo/PATO_0001161",3
"http://purl.obolibrary.org/obo/PATO_0001162",251
"http://purl.obolibrary.org/obo/PATO_0001163",258
"http://purl.obolibrary.org/obo/PATO_0001164",6
"http://purl.obolibrary.org/obo/PATO_0001167",48
"http://purl.obolibrary.org/obo/PATO_0001171",1
"http://purl.obolibrary.org/obo/PATO_0001178",27
"http://purl.obolibrary.org/obo/PATO_0001191",1
"http://purl.obolibrary.org/obo/PATO_0001192",14
"http://purl.obolibrary.org/obo/PATO_0001193",1
"http://purl.obolibrary.org/obo/PATO_0001194",1
"http://purl.obolibrary.org/obo/PATO_0001195",1
"http://purl.obolibrary.org/obo/PATO_0001196",1
"http://purl.obolibrary.org/obo/PATO_0001199",18
"http://purl.obolibrary.org/obo/PATO_0001200",2
"http://purl.obolibrary.org/obo/PATO_0001201",2
"http://purl.obolibrary.org/obo/PATO_0001206",2
"http://purl.obolibrary.org/obo/PATO_0001227",11
"http://purl.obolibrary.org/obo/PATO_0001229",2
"http://purl.obolibrary.org/obo/PATO_0001230",75
"http://purl.obolibrary.org/obo/PATO_0001233",1
"http://purl.obolibrary.org/obo/PATO_0001234",2
"http://purl.obolibrary.org/obo/PATO_0001236",1580
"http://purl.obolibrary.org/obo/PATO_0001237",17
"http://purl.obolibrary.org/obo/PATO_0001238",2
"http://purl.obolibrary.org/obo/PATO_0001241",434
"http://purl.obolibrary.org/obo/PATO_0001242",1
"http://purl.obolibrary.org/obo/PATO_0001251",1
"http://purl.obolibrary.org/obo/PATO_0001259",2
"http://purl.obolibrary.org/obo/PATO_0001266",1
"http://purl.obolibrary.org/obo/PATO_0001272",1
"http://purl.obolibrary.org/obo/PATO_0001284",1
"http://purl.obolibrary.org/obo/PATO_0001286",3
"http://purl.obolibrary.org/obo/PATO_0001287",1
"http://purl.obolibrary.org/obo/PATO_0001290",1
"http://purl.obolibrary.org/obo/PATO_0001291",1
"http://purl.obolibrary.org/obo/PATO_0001296",2
"http://purl.obolibrary.org/obo/PATO_0001297",3
"http://purl.obolibrary.org/obo/PATO_0001299",2
"http://purl.obolibrary.org/obo/PATO_0001300",5
"http://purl.obolibrary.org/obo/PATO_0001301",1
"http://purl.obolibrary.org/obo/PATO_0001303",5
"http://purl.obolibrary.org/obo/PATO_0001305",37
"http://purl.obolibrary.org/obo/PATO_0001306",19
"http://purl.obolibrary.org/obo/PATO_0001309",70
"http://purl.obolibrary.org/obo/PATO_0001320",8
"http://purl.obolibrary.org/obo/PATO_0001321",2
"http://purl.obolibrary.org/obo/PATO_0001322",1
"http://purl.obolibrary.org/obo/PATO_0001323",59
"http://purl.obolibrary.org/obo/PATO_0001324",23
"http://purl.obolibrary.org/obo/PATO_0001325",3
"http://purl.obolibrary.org/obo/PATO_0001332",32
"http://purl.obolibrary.org/obo/PATO_0001333",13
"http://purl.obolibrary.org/obo/PATO_0001334",90
"http://purl.obolibrary.org/obo/PATO_0001338",1
"http://purl.obolibrary.org/obo/PATO_0001340",2
"http://purl.obolibrary.org/obo/PATO_0001350",2
"http://purl.obolibrary.org/obo/PATO_0001351",29
"http://purl.obolibrary.org/obo/PATO_0001352",3
"http://purl.obolibrary.org/obo/PATO_0001353",10
"http://purl.obolibrary.org/obo/PATO_0001354",14
"http://purl.obolibrary.org/obo/PATO_0001355",4
"http://purl.obolibrary.org/obo/PATO_0001356",3
"http://purl.obolibrary.org/obo/PATO_0001357",2
"http://purl.obolibrary.org/obo/PATO_0001358",4
"http://purl.obolibrary.org/obo/PATO_0001359",1
"http://purl.obolibrary.org/obo/PATO_0001360",8
"http://purl.obolibrary.org/obo/PATO_0001362",21
"http://purl.obolibrary.org/obo/PATO_0001364",2
"http://purl.obolibrary.org/obo/PATO_0001365",1
"http://purl.obolibrary.org/obo/PATO_0001366",3
"http://purl.obolibrary.org/obo/PATO_0001367",4
"http://purl.obolibrary.org/obo/PATO_0001368",5
"http://purl.obolibrary.org/obo/PATO_0001369",2
"http://purl.obolibrary.org/obo/PATO_0001371",2
"http://purl.obolibrary.org/obo/PATO_0001372",10
"http://purl.obolibrary.org/obo/PATO_0001373",1
"http://purl.obolibrary.org/obo/PATO_0001374",4
"http://purl.obolibrary.org/obo/PATO_0001375",21
"http://purl.obolibrary.org/obo/PATO_0001377",9
"http://purl.obolibrary.org/obo/PATO_0001381",1
"http://purl.obolibrary.org/obo/PATO_0001382",2
"http://purl.obolibrary.org/obo/PATO_0001385",3
"http://purl.obolibrary.org/obo/PATO_0001386",1
"http://purl.obolibrary.org/obo/PATO_0001389",1
"http://purl.obolibrary.org/obo/PATO_0001392",1
"http://purl.obolibrary.org/obo/PATO_0001393",5
"http://purl.obolibrary.org/obo/PATO_0001394",8
"http://purl.obolibrary.org/obo/PATO_0001396",50
"http://purl.obolibrary.org/obo/PATO_0001397",2
"http://purl.obolibrary.org/obo/PATO_0001398",1
"http://purl.obolibrary.org/obo/PATO_0001400",14
"http://purl.obolibrary.org/obo/PATO_0001401",14
"http://purl.obolibrary.org/obo/PATO_0001402",24
"http://purl.obolibrary.org/obo/PATO_0001403",4
"http://purl.obolibrary.org/obo/PATO_0001404",8
"http://purl.obolibrary.org/obo/PATO_0001405",31
"http://purl.obolibrary.org/obo/PATO_0001406",11
"http://purl.obolibrary.org/obo/PATO_0001407",41
"http://purl.obolibrary.org/obo/PATO_0001408",1
"http://purl.obolibrary.org/obo/PATO_0001409",7
"http://purl.obolibrary.org/obo/PATO_0001410",14
"http://purl.obolibrary.org/obo/PATO_0001411",1
"http://purl.obolibrary.org/obo/PATO_0001412",10
"http://purl.obolibrary.org/obo/PATO_0001413",2
"http://purl.obolibrary.org/obo/PATO_0001414",2
"http://purl.obolibrary.org/obo/PATO_0001415",2
"http://purl.obolibrary.org/obo/PATO_0001416",5
"http://purl.obolibrary.org/obo/PATO_0001417",2
"http://purl.obolibrary.org/obo/PATO_0001418",1
"http://purl.obolibrary.org/obo/PATO_0001419",2
"http://purl.obolibrary.org/obo/PATO_0001420",3
"http://purl.obolibrary.org/obo/PATO_0001421",16
"http://purl.obolibrary.org/obo/PATO_0001422",28
"http://purl.obolibrary.org/obo/PATO_0001423",1
"http://purl.obolibrary.org/obo/PATO_0001428",3
"http://purl.obolibrary.org/obo/PATO_0001429",16
"http://purl.obolibrary.org/obo/PATO_0001430",8
"http://purl.obolibrary.org/obo/PATO_0001432",3
"http://purl.obolibrary.org/obo/PATO_0001433",24
"http://purl.obolibrary.org/obo/PATO_0001434",6
"http://purl.obolibrary.org/obo/PATO_0001435",13
"http://purl.obolibrary.org/obo/PATO_0001439",9
"http://purl.obolibrary.org/obo/PATO_0001442",42
"http://purl.obolibrary.org/obo/PATO_0001444",196
"http://purl.obolibrary.org/obo/PATO_0001445",6
"http://purl.obolibrary.org/obo/PATO_0001446",4
"http://purl.obolibrary.org/obo/PATO_0001447",84
"http://purl.obolibrary.org/obo/PATO_0001448",29
"http://purl.obolibrary.org/obo/PATO_0001449",3
"http://purl.obolibrary.org/obo/PATO_0001450",92
"http://purl.obolibrary.org/obo/PATO_0001453",107
"http://purl.obolibrary.org/obo/PATO_0001455",2
"http://purl.obolibrary.org/obo/PATO_0001456",11
"http://purl.obolibrary.org/obo/PATO_0001457",9
"http://purl.obolibrary.org/obo/PATO_0001461",4
"http://purl.obolibrary.org/obo/PATO_0001462",11
"http://purl.obolibrary.org/obo/PATO_0001463",9
"http://purl.obolibrary.org/obo/PATO_0001464",14
"http://purl.obolibrary.org/obo/PATO_0001465",2
"http://purl.obolibrary.org/obo/PATO_0001466",2
"http://purl.obolibrary.org/obo/PATO_0001467",4
"http://purl.obolibrary.org/obo/PATO_0001468",12
"http://purl.obolibrary.org/obo/PATO_0001469",14
"http://purl.obolibrary.org/obo/PATO_0001470",51
"http://purl.obolibrary.org/obo/PATO_0001472",11
"http://purl.obolibrary.org/obo/PATO_0001473",105
"http://purl.obolibrary.org/obo/PATO_0001474",1
"http://purl.obolibrary.org/obo/PATO_0001475",1
"http://purl.obolibrary.org/obo/PATO_0001476",5
"http://purl.obolibrary.org/obo/PATO_0001477",16
"http://purl.obolibrary.org/obo/PATO_0001478",39
"http://purl.obolibrary.org/obo/PATO_0001481",9
"http://purl.obolibrary.org/obo/PATO_0001482",53
"http://purl.obolibrary.org/obo/PATO_0001483",449
"http://purl.obolibrary.org/obo/PATO_0001485",58
"http://purl.obolibrary.org/obo/PATO_0001487",6
"http://purl.obolibrary.org/obo/PATO_0001488",29
"http://purl.obolibrary.org/obo/PATO_0001490",2
"http://purl.obolibrary.org/obo/PATO_0001491",2
"http://purl.obolibrary.org/obo/PATO_0001492",9
"http://purl.obolibrary.org/obo/PATO_0001494",3
"http://purl.obolibrary.org/obo/PATO_0001495",9
"http://purl.obolibrary.org/obo/PATO_0001497",1
"http://purl.obolibrary.org/obo/PATO_0001499",28
"http://purl.obolibrary.org/obo/PATO_0001500",14
"http://purl.obolibrary.org/obo/PATO_0001501",116
"http://purl.obolibrary.org/obo/PATO_0001502",5
"http://purl.obolibrary.org/obo/PATO_0001505",57
"http://purl.obolibrary.org/obo/PATO_0001507",1352
"http://purl.obolibrary.org/obo/PATO_0001509",852
"http://purl.obolibrary.org/obo/PATO_0001510",13
"http://purl.obolibrary.org/obo/PATO_0001511",106
"http://purl.obolibrary.org/obo/PATO_0001512",57
"http://purl.obolibrary.org/obo/PATO_0001514",14
"http://purl.obolibrary.org/obo/PATO_0001518",4
"http://purl.obolibrary.org/obo/PATO_0001521",2
"http://purl.obolibrary.org/obo/PATO_0001529",7
"http://purl.obolibrary.org/obo/PATO_0001530",18
"http://purl.obolibrary.org/obo/PATO_0001531",10
"http://purl.obolibrary.org/obo/PATO_0001533",2
"http://purl.obolibrary.org/obo/PATO_0001534",1
"http://purl.obolibrary.org/obo/PATO_0001535",3
"http://purl.obolibrary.org/obo/PATO_0001536",8
"http://purl.obolibrary.org/obo/PATO_0001540",2
"http://purl.obolibrary.org/obo/PATO_0001542",1
"http://purl.obolibrary.org/obo/PATO_0001543",17
"http://purl.obolibrary.org/obo/PATO_0001545",11
"http://purl.obolibrary.org/obo/PATO_0001546",47
"http://purl.obolibrary.org/obo/PATO_0001547",32
"http://purl.obolibrary.org/obo/PATO_0001548",54
"http://purl.obolibrary.org/obo/PATO_0001549",19
"http://purl.obolibrary.org/obo/PATO_0001550",6
"http://purl.obolibrary.org/obo/PATO_0001551",218
"http://purl.obolibrary.org/obo/PATO_0001552",134
"http://purl.obolibrary.org/obo/PATO_0001553",2
"http://purl.obolibrary.org/obo/PATO_0001555",299
"http://purl.obolibrary.org/obo/PATO_0001558",536
"http://purl.obolibrary.org/obo/PATO_0001561",24
"http://purl.obolibrary.org/obo/PATO_0001562",36
"http://purl.obolibrary.org/obo/PATO_0001563",21
"http://purl.obolibrary.org/obo/PATO_0001564",1
"http://purl.obolibrary.org/obo/PATO_0001566",37
"http://purl.obolibrary.org/obo/PATO_0001567",3
"http://purl.obolibrary.org/obo/PATO_0001570",7
"http://purl.obolibrary.org/obo/PATO_0001571",173
"http://purl.obolibrary.org/obo/PATO_0001573",4
"http://purl.obolibrary.org/obo/PATO_0001574",9
"http://purl.obolibrary.org/obo/PATO_0001575",15
"http://purl.obolibrary.org/obo/PATO_0001576",32
"http://purl.obolibrary.org/obo/PATO_0001577",20
"http://purl.obolibrary.org/obo/PATO_0001578",3
"http://purl.obolibrary.org/obo/PATO_0001579",44
"http://purl.obolibrary.org/obo/PATO_0001580",3
"http://purl.obolibrary.org/obo/PATO_0001581",15
"http://purl.obolibrary.org/obo/PATO_0001584",4
"http://purl.obolibrary.org/obo/PATO_0001585",22
"http://purl.obolibrary.org/obo/PATO_0001586",2
"http://purl.obolibrary.org/obo/PATO_0001587",2
"http://purl.obolibrary.org/obo/PATO_0001588",1
"http://purl.obolibrary.org/obo/PATO_0001590",6
"http://purl.obolibrary.org/obo/PATO_0001591",261
"http://purl.obolibrary.org/obo/PATO_0001592",29
"http://purl.obolibrary.org/obo/PATO_0001593",3
"http://purl.obolibrary.org/obo/PATO_0001594",4
"http://purl.obolibrary.org/obo/PATO_0001595",26
"http://purl.obolibrary.org/obo/PATO_0001596",3
"http://purl.obolibrary.org/obo/PATO_0001597",11
"http://purl.obolibrary.org/obo/PATO_0001598",46
"http://purl.obolibrary.org/obo/PATO_0001599",42
"http://purl.obolibrary.org/obo/PATO_0001600",2
"http://purl.obolibrary.org/obo/PATO_0001601",1
"http://purl.obolibrary.org/obo/PATO_0001602",95
"http://purl.obolibrary.org/obo/PATO_0001603",5
"http://purl.obolibrary.org/obo/PATO_0001604",6
"http://purl.obolibrary.org/obo/PATO_0001605",11
"http://purl.obolibrary.org/obo/PATO_0001606",3
"http://purl.obolibrary.org/obo/PATO_0001607",1
"http://purl.obolibrary.org/obo/PATO_0001608",69
"http://purl.obolibrary.org/obo/PATO_0001609",38
"http://purl.obolibrary.org/obo/PATO_0001611",3
"http://purl.obolibrary.org/obo/PATO_0001615",1
"http://purl.obolibrary.org/obo/PATO_0001617",160
"http://purl.obolibrary.org/obo/PATO_0001618",5
"http://purl.obolibrary.org/obo/PATO_0001619",7
"http://purl.obolibrary.org/obo/PATO_0001620",4
"http://purl.obolibrary.org/obo/PATO_0001621",1
"http://purl.obolibrary.org/obo/PATO_0001623",138
"http://purl.obolibrary.org/obo/PATO_0001624",116
"http://purl.obolibrary.org/obo/PATO_0001625",4
"http://purl.obolibrary.org/obo/PATO_0001626",20
"http://purl.obolibrary.org/obo/PATO_0001628",15
"http://purl.obolibrary.org/obo/PATO_0001629",82
"http://purl.obolibrary.org/obo/PATO_0001630",33
"http://purl.obolibrary.org/obo/PATO_0001632",3
"http://purl.obolibrary.org/obo/PATO_0001633",3
"http://purl.obolibrary.org/obo/PATO_0001643",8
"http://purl.obolibrary.org/obo/PATO_0001645",7
"http://purl.obolibrary.org/obo/PATO_0001646",17
"http://purl.obolibrary.org/obo/PATO_0001648",45
"http://purl.obolibrary.org/obo/PATO_0001649",9
"http://purl.obolibrary.org/obo/PATO_0001650",19
"http://purl.obolibrary.org/obo/PATO_0001651",5
"http://purl.obolibrary.org/obo/PATO_0001652",11
"http://purl.obolibrary.org/obo/PATO_0001653",3
"http://purl.obolibrary.org/obo/PATO_0001654",32
"http://purl.obolibrary.org/obo/PATO_0001655",24
"http://purl.obolibrary.org/obo/PATO_0001656",5
"http://purl.obolibrary.org/obo/PATO_0001657",42
"http://purl.obolibrary.org/obo/PATO_0001658",1
"http://purl.obolibrary.org/obo/PATO_0001659",2
"http://purl.obolibrary.org/obo/PATO_0001662",23
"http://purl.obolibrary.org/obo/PATO_0001667",25
"http://purl.obolibrary.org/obo/PATO_0001668",2
"http://purl.obolibrary.org/obo/PATO_0001669",17
"http://purl.obolibrary.org/obo/PATO_0001670",13
"http://purl.obolibrary.org/obo/PATO_0001671",223
"http://purl.obolibrary.org/obo/PATO_0001672",286
"http://purl.obolibrary.org/obo/PATO_0001673",35
"http://purl.obolibrary.org/obo/PATO_0001674",2
"http://purl.obolibrary.org/obo/PATO_0001675",3
"http://purl.obolibrary.org/obo/PATO_0001677",1
"http://purl.obolibrary.org/obo/PATO_0001680",2
"http://purl.obolibrary.org/obo/PATO_0001681",2
"http://purl.obolibrary.org/obo/PATO_0001682",2
"http://purl.obolibrary.org/obo/PATO_0001687",10
"http://purl.obolibrary.org/obo/PATO_0001688",3
"http://purl.obolibrary.org/obo/PATO_0001689",3
"http://purl.obolibrary.org/obo/PATO_0001690",1
"http://purl.obolibrary.org/obo/PATO_0001691",10
"http://purl.obolibrary.org/obo/PATO_0001693",3
"http://purl.obolibrary.org/obo/PATO_0001694",4
"http://purl.obolibrary.org/obo/PATO_0001696",7
"http://purl.obolibrary.org/obo/PATO_0001698",2
"http://purl.obolibrary.org/obo/PATO_0001699",1
"http://purl.obolibrary.org/obo/PATO_0001701",2
"http://purl.obolibrary.org/obo/PATO_0001706",1
"http://purl.obolibrary.org/obo/PATO_0001707",1
"http://purl.obolibrary.org/obo/PATO_0001708",5
"http://purl.obolibrary.org/obo/PATO_0001709",3
"http://purl.obolibrary.org/obo/PATO_0001710",3
"http://purl.obolibrary.org/obo/PATO_0001711",5
"http://purl.obolibrary.org/obo/PATO_0001712",2
"http://purl.obolibrary.org/obo/PATO_0001713",2
"http://purl.obolibrary.org/obo/PATO_0001714",60
"http://purl.obolibrary.org/obo/PATO_0001715",70
"http://purl.obolibrary.org/obo/PATO_0001717",2
"http://purl.obolibrary.org/obo/PATO_0001718",2
"http://purl.obolibrary.org/obo/PATO_0001727",4
"http://purl.obolibrary.org/obo/PATO_0001731",3
"http://purl.obolibrary.org/obo/PATO_0001733",3
"http://purl.obolibrary.org/obo/PATO_0001734",4
"http://purl.obolibrary.org/obo/PATO_0001735",2
"http://purl.obolibrary.org/obo/PATO_0001738",6
"http://purl.obolibrary.org/obo/PATO_0001739",3
"http://purl.obolibrary.org/obo/PATO_0001740",2
"http://purl.obolibrary.org/obo/PATO_0001741",8
"http://purl.obolibrary.org/obo/PATO_0001744",2
"http://purl.obolibrary.org/obo/PATO_0001745",2
"http://purl.obolibrary.org/obo/PATO_0001746",2
"http://purl.obolibrary.org/obo/PATO_0001747",2
"http://purl.obolibrary.org/obo/PATO_0001749",15
"http://purl.obolibrary.org/obo/PATO_0001750",2
"http://purl.obolibrary.org/obo/PATO_0001752",4
"http://purl.obolibrary.org/obo/PATO_0001753",2
"http://purl.obolibrary.org/obo/PATO_0001754",4
"http://purl.obolibrary.org/obo/PATO_0001756",2
"http://purl.obolibrary.org/obo/PATO_0001757",8
"http://purl.obolibrary.org/obo/PATO_0001759",18
"http://purl.obolibrary.org/obo/PATO_0001760",4
"http://purl.obolibrary.org/obo/PATO_0001761",4
"http://purl.obolibrary.org/obo/PATO_0001762",4
"http://purl.obolibrary.org/obo/PATO_0001763",5
"http://purl.obolibrary.org/obo/PATO_0001764",1
"http://purl.obolibrary.org/obo/PATO_0001767",2
"http://purl.obolibrary.org/obo/PATO_0001768",1
"http://purl.obolibrary.org/obo/PATO_0001769",29
"http://purl.obolibrary.org/obo/PATO_0001770",1
"http://purl.obolibrary.org/obo/PATO_0001772",5
"http://purl.obolibrary.org/obo/PATO_0001775",2
"http://purl.obolibrary.org/obo/PATO_0001777",2
"http://purl.obolibrary.org/obo/PATO_0001778",1
"http://purl.obolibrary.org/obo/PATO_0001779",47
"http://purl.obolibrary.org/obo/PATO_0001780",22
"http://purl.obolibrary.org/obo/PATO_0001781",5
"http://purl.obolibrary.org/obo/PATO_0001782",5
"http://purl.obolibrary.org/obo/PATO_0001783",11
"http://purl.obolibrary.org/obo/PATO_0001784",28
"http://purl.obolibrary.org/obo/PATO_0001785",16
"http://purl.obolibrary.org/obo/PATO_0001786",49
"http://purl.obolibrary.org/obo/PATO_0001787",1
"http://purl.obolibrary.org/obo/PATO_0001788",26
"http://purl.obolibrary.org/obo/PATO_0001789",8
"http://purl.obolibrary.org/obo/PATO_0001790",23
"http://purl.obolibrary.org/obo/PATO_0001791",1
"http://purl.obolibrary.org/obo/PATO_0001792",3
"http://purl.obolibrary.org/obo/PATO_0001793",9
"http://purl.obolibrary.org/obo/PATO_0001794",11
"http://purl.obolibrary.org/obo/PATO_0001795",2
"http://purl.obolibrary.org/obo/PATO_0001796",5
"http://purl.obolibrary.org/obo/PATO_0001798",38
"http://purl.obolibrary.org/obo/PATO_0001799",5
"http://purl.obolibrary.org/obo/PATO_0001800",6
"http://purl.obolibrary.org/obo/PATO_0001801",7
"http://purl.obolibrary.org/obo/PATO_0001802",26
"http://purl.obolibrary.org/obo/PATO_0001803",1
"http://purl.obolibrary.org/obo/PATO_0001804",4
"http://purl.obolibrary.org/obo/PATO_0001805",1
"http://purl.obolibrary.org/obo/PATO_0001806",4
"http://purl.obolibrary.org/obo/PATO_0001807",1
"http://purl.obolibrary.org/obo/PATO_0001808",3
"http://purl.obolibrary.org/obo/PATO_0001809",5
"http://purl.obolibrary.org/obo/PATO_0001810",12
"http://purl.obolibrary.org/obo/PATO_0001815",3
"http://purl.obolibrary.org/obo/PATO_0001816",2
"http://purl.obolibrary.org/obo/PATO_0001818",20
"http://purl.obolibrary.org/obo/PATO_0001819",58
"http://purl.obolibrary.org/obo/PATO_0001821",5
"http://purl.obolibrary.org/obo/PATO_0001822",13
"http://purl.obolibrary.org/obo/PATO_0001823",5
"http://purl.obolibrary.org/obo/PATO_0001824",15
"http://purl.obolibrary.org/obo/PATO_0001826",1
"http://purl.obolibrary.org/obo/PATO_0001828",2
"http://purl.obolibrary.org/obo/PATO_0001829",2
"http://purl.obolibrary.org/obo/PATO_0001830",3
"http://purl.obolibrary.org/obo/PATO_0001831",1
"http://purl.obolibrary.org/obo/PATO_0001832",1
"http://purl.obolibrary.org/obo/PATO_0001833",3
"http://purl.obolibrary.org/obo/PATO_0001834",6
"http://purl.obolibrary.org/obo/PATO_0001835",3
"http://purl.obolibrary.org/obo/PATO_0001836",13
"http://purl.obolibrary.org/obo/PATO_0001838",9
"http://purl.obolibrary.org/obo/PATO_0001839",1
"http://purl.obolibrary.org/obo/PATO_0001841",1
"http://purl.obolibrary.org/obo/PATO_0001842",22
"http://purl.obolibrary.org/obo/PATO_0001843",25
"http://purl.obolibrary.org/obo/PATO_0001844",30
"http://purl.obolibrary.org/obo/PATO_0001845",10
"http://purl.obolibrary.org/obo/PATO_0001846",6
"http://purl.obolibrary.org/obo/PATO_0001847",104
"http://purl.obolibrary.org/obo/PATO_0001848",3
"http://purl.obolibrary.org/obo/PATO_0001849",1
"http://purl.obolibrary.org/obo/PATO_0001850",6
"http://purl.obolibrary.org/obo/PATO_0001851",91
"http://purl.obolibrary.org/obo/PATO_0001852",31
"http://purl.obolibrary.org/obo/PATO_0001853",9
"http://purl.obolibrary.org/obo/PATO_0001854",3
"http://purl.obolibrary.org/obo/PATO_0001855",2
"http://purl.obolibrary.org/obo/PATO_0001857",7
"http://purl.obolibrary.org/obo/PATO_0001858",4
"http://purl.obolibrary.org/obo/PATO_0001860",6
"http://purl.obolibrary.org/obo/PATO_0001861",6
"http://purl.obolibrary.org/obo/PATO_0001862",4
"http://purl.obolibrary.org/obo/PATO_0001863",15
"http://purl.obolibrary.org/obo/PATO_0001865",11
"http://purl.obolibrary.org/obo/PATO_0001868",7
"http://purl.obolibrary.org/obo/PATO_0001869",62
"http://purl.obolibrary.org/obo/PATO_0001870",1
"http://purl.obolibrary.org/obo/PATO_0001871",2
"http://purl.obolibrary.org/obo/PATO_0001872",15
"http://purl.obolibrary.org/obo/PATO_0001873",12
"http://purl.obolibrary.org/obo/PATO_0001874",6
"http://purl.obolibrary.org/obo/PATO_0001875",86
"http://purl.obolibrary.org/obo/PATO_0001876",2
"http://purl.obolibrary.org/obo/PATO_0001878",7
"http://purl.obolibrary.org/obo/PATO_0001879",12
"http://purl.obolibrary.org/obo/PATO_0001881",1
"http://purl.obolibrary.org/obo/PATO_0001883",9
"http://purl.obolibrary.org/obo/PATO_0001885",1
"http://purl.obolibrary.org/obo/PATO_0001887",1
"http://purl.obolibrary.org/obo/PATO_0001889",2
"http://purl.obolibrary.org/obo/PATO_0001891",8
"http://purl.obolibrary.org/obo/PATO_0001894",12
"http://purl.obolibrary.org/obo/PATO_0001896",24
"http://purl.obolibrary.org/obo/PATO_0001897",11
"http://purl.obolibrary.org/obo/PATO_0001898",10
"http://purl.obolibrary.org/obo/PATO_0001899",6
"http://purl.obolibrary.org/obo/PATO_0001902",1
"http://purl.obolibrary.org/obo/PATO_0001904",1
"http://purl.obolibrary.org/obo/PATO_0001905",181
"http://purl.obolibrary.org/obo/PATO_0001906",15
"http://purl.obolibrary.org/obo/PATO_0001907",2
"http://purl.obolibrary.org/obo/PATO_0001908",41
"http://purl.obolibrary.org/obo/PATO_0001910",15
"http://purl.obolibrary.org/obo/PATO_0001911",2
"http://purl.obolibrary.org/obo/PATO_0001912",45
"http://purl.obolibrary.org/obo/PATO_0001913",2
"http://purl.obolibrary.org/obo/PATO_0001919",15
"http://purl.obolibrary.org/obo/PATO_0001920",26
"http://purl.obolibrary.org/obo/PATO_0001921",43
"http://purl.obolibrary.org/obo/PATO_0001922",54
"http://purl.obolibrary.org/obo/PATO_0001923",32
"http://purl.obolibrary.org/obo/PATO_0001924",26
"http://purl.obolibrary.org/obo/PATO_0001925",17
"http://purl.obolibrary.org/obo/PATO_0001926",4
"http://purl.obolibrary.org/obo/PATO_0001928",13
"http://purl.obolibrary.org/obo/PATO_0001929",1
"http://purl.obolibrary.org/obo/PATO_0001930",7
"http://purl.obolibrary.org/obo/PATO_0001933",2
"http://purl.obolibrary.org/obo/PATO_0001935",7
"http://purl.obolibrary.org/obo/PATO_0001937",1
"http://purl.obolibrary.org/obo/PATO_0001938",1
"http://purl.obolibrary.org/obo/PATO_0001940",2
"http://purl.obolibrary.org/obo/PATO_0001944",1
"http://purl.obolibrary.org/obo/PATO_0001948",2
"http://purl.obolibrary.org/obo/PATO_0001949",1
"http://purl.obolibrary.org/obo/PATO_0001950",8
"http://purl.obolibrary.org/obo/PATO_0001951",1
"http://purl.obolibrary.org/obo/PATO_0001953",2
"http://purl.obolibrary.org/obo/PATO_0001955",5
"http://purl.obolibrary.org/obo/PATO_0001956",13
"http://purl.obolibrary.org/obo/PATO_0001957",5
"http://purl.obolibrary.org/obo/PATO_0001958",20
"http://purl.obolibrary.org/obo/PATO_0001959",24
"http://purl.obolibrary.org/obo/PATO_0001961",7
"http://purl.obolibrary.org/obo/PATO_0001966",1
"http://purl.obolibrary.org/obo/PATO_0001970",1
"http://purl.obolibrary.org/obo/PATO_0001977",4
"http://purl.obolibrary.org/obo/PATO_0001979",6
"http://purl.obolibrary.org/obo/PATO_0001982",8
"http://purl.obolibrary.org/obo/PATO_0001985",20
"http://purl.obolibrary.org/obo/PATO_0001986",13
"http://purl.obolibrary.org/obo/PATO_0001987",7
"http://purl.obolibrary.org/obo/PATO_0001989",1
"http://purl.obolibrary.org/obo/PATO_0001992",4
"http://purl.obolibrary.org/obo/PATO_0001993",3
"http://purl.obolibrary.org/obo/PATO_0001994",2
"http://purl.obolibrary.org/obo/PATO_0001995",21
"http://purl.obolibrary.org/obo/PATO_0001997",2524
"http://purl.obolibrary.org/obo/PATO_0001999",216
"http://purl.obolibrary.org/obo/PATO_0002000",401
"http://purl.obolibrary.org/obo/PATO_0002001",573
"http://purl.obolibrary.org/obo/PATO_0002002",392
"http://purl.obolibrary.org/obo/PATO_0002003",9
"http://purl.obolibrary.org/obo/PATO_0002005",110
"http://purl.obolibrary.org/obo/PATO_0002006",125
"http://purl.obolibrary.org/obo/PATO_0002007",126
"http://purl.obolibrary.org/obo/PATO_0002008",1
"http://purl.obolibrary.org/obo/PATO_0002009",62
"http://purl.obolibrary.org/obo/PATO_0002010",2
"http://purl.obolibrary.org/obo/PATO_0002011",54
"http://purl.obolibrary.org/obo/PATO_0002013",8
"http://purl.obolibrary.org/obo/PATO_0002014",13
"http://purl.obolibrary.org/obo/PATO_0002016",9
"http://purl.obolibrary.org/obo/PATO_0002017",15
"http://purl.obolibrary.org/obo/PATO_0002018",28
"http://purl.obolibrary.org/obo/PATO_0002019",4
"http://purl.obolibrary.org/obo/PATO_0002021",61
"http://purl.obolibrary.org/obo/PATO_0002023",17
"http://purl.obolibrary.org/obo/PATO_0002024",2
"http://purl.obolibrary.org/obo/PATO_0002026",2
"http://purl.obolibrary.org/obo/PATO_0002027",7
"http://purl.obolibrary.org/obo/PATO_0002028",1
"http://purl.obolibrary.org/obo/PATO_0002029",1
"http://purl.obolibrary.org/obo/PATO_0002031",3
"http://purl.obolibrary.org/obo/PATO_0002034",8
"http://purl.obolibrary.org/obo/PATO_0002035",3
"http://purl.obolibrary.org/obo/PATO_0002036",3
"http://purl.obolibrary.org/obo/PATO_0002037",254
"http://purl.obolibrary.org/obo/PATO_0002038",1
"http://purl.obolibrary.org/obo/PATO_0002039",6
"http://purl.obolibrary.org/obo/PATO_0002040",1
"http://purl.obolibrary.org/obo/PATO_0002042",5
"http://purl.obolibrary.org/obo/PATO_0002043",1
"http://purl.obolibrary.org/obo/PATO_0002044",1
"http://purl.obolibrary.org/obo/PATO_0002045",9
"http://purl.obolibrary.org/obo/PATO_0002047",1
"http://purl.obolibrary.org/obo/PATO_0002048",1
"http://purl.obolibrary.org/obo/PATO_0002049",2
"http://purl.obolibrary.org/obo/PATO_0002050",219
"http://purl.obolibrary.org/obo/PATO_0002051",1128
"http://purl.obolibrary.org/obo/PATO_0002052",1461
"http://purl.obolibrary.org/obo/PATO_0002053",2
"http://purl.obolibrary.org/obo/PATO_0002055",7
"http://purl.obolibrary.org/obo/PATO_0002057",44
"http://purl.obolibrary.org/obo/PATO_0002058",56
"http://purl.obolibrary.org/obo/PATO_0002062",7
"http://purl.obolibrary.org/obo/PATO_0002063",7
"http://purl.obolibrary.org/obo/PATO_0002064",1
"http://purl.obolibrary.org/obo/PATO_0002065",5
"http://purl.obolibrary.org/obo/PATO_0002066",1
"http://purl.obolibrary.org/obo/PATO_0002067",8
"http://purl.obolibrary.org/obo/PATO_0002068",4
"http://purl.obolibrary.org/obo/PATO_0002069",3
"http://purl.obolibrary.org/obo/PATO_0002076",26
"http://purl.obolibrary.org/obo/PATO_0002077",4
"http://purl.obolibrary.org/obo/PATO_0002078",4
"http://purl.obolibrary.org/obo/PATO_0002080",1
"http://purl.obolibrary.org/obo/PATO_0002082",1
"http://purl.obolibrary.org/obo/PATO_0002083",77
"http://purl.obolibrary.org/obo/PATO_0002087",39
"http://purl.obolibrary.org/obo/PATO_0002089",4
"http://purl.obolibrary.org/obo/PATO_0002090",1
"http://purl.obolibrary.org/obo/PATO_0002093",6
"http://purl.obolibrary.org/obo/PATO_0002094",8
"http://purl.obolibrary.org/obo/PATO_0002096",1
"http://purl.obolibrary.org/obo/PATO_0002097",7
"http://purl.obolibrary.org/obo/PATO_0002098",2
"http://purl.obolibrary.org/obo/PATO_0002099",52
"http://purl.obolibrary.org/obo/PATO_0002100",40
"http://purl.obolibrary.org/obo/PATO_0002101",2
"http://purl.obolibrary.org/obo/PATO_0002102",41
"http://purl.obolibrary.org/obo/PATO_0002103",12
"http://purl.obolibrary.org/obo/PATO_0002104",15
"http://purl.obolibrary.org/obo/PATO_0002105",54
"http://purl.obolibrary.org/obo/PATO_0002106",77
"http://purl.obolibrary.org/obo/PATO_0002107",7
"http://purl.obolibrary.org/obo/PATO_0002110",11
"http://purl.obolibrary.org/obo/PATO_0002111",3
"http://purl.obolibrary.org/obo/PATO_0002112",33
"http://purl.obolibrary.org/obo/PATO_0002114",9
"http://purl.obolibrary.org/obo/PATO_0002115",1
"http://purl.obolibrary.org/obo/PATO_0002118",5
"http://purl.obolibrary.org/obo/PATO_0002121",2
"http://purl.obolibrary.org/obo/PATO_0002122",1
"http://purl.obolibrary.org/obo/PATO_0002124",22
"http://purl.obolibrary.org/obo/PATO_0002125",2
"http://purl.obolibrary.org/obo/PATO_0002126",2
"http://purl.obolibrary.org/obo/PATO_0002129",12
"http://purl.obolibrary.org/obo/PATO_0002134",3
"http://purl.obolibrary.org/obo/PATO_0002135",5
"http://purl.obolibrary.org/obo/PATO_0002141",73
"http://purl.obolibrary.org/obo/PATO_0002142",46
"http://purl.obolibrary.org/obo/PATO_0002143",8
"http://purl.obolibrary.org/obo/PATO_0002146",9
"http://purl.obolibrary.org/obo/PATO_0002149",47
"http://purl.obolibrary.org/obo/PATO_0002154",1
"http://purl.obolibrary.org/obo/PATO_0002155",3
"http://purl.obolibrary.org/obo/PATO_0002156",1
"http://purl.obolibrary.org/obo/PATO_0002157",8
"http://purl.obolibrary.org/obo/PATO_0002161",1
"http://purl.obolibrary.org/obo/PATO_0002163",6
"http://purl.obolibrary.org/obo/PATO_0002164",1
"http://purl.obolibrary.org/obo/PATO_0002165",5
"http://purl.obolibrary.org/obo/PATO_0002166",15
"http://purl.obolibrary.org/obo/PATO_0002168",65
"http://purl.obolibrary.org/obo/PATO_0002169",5
"http://purl.obolibrary.org/obo/PATO_0002171",8
"http://purl.obolibrary.org/obo/PATO_0002173",3
"http://purl.obolibrary.org/obo/PATO_0002174",1
"http://purl.obolibrary.org/obo/PATO_0002175",56
"http://purl.obolibrary.org/obo/PATO_0002176",13
"http://purl.obolibrary.org/obo/PATO_0002177",15
"http://purl.obolibrary.org/obo/PATO_0002178",11
"http://purl.obolibrary.org/obo/PATO_0002179",5
"http://purl.obolibrary.org/obo/PATO_0002180",13
"http://purl.obolibrary.org/obo/PATO_0002181",208
"http://purl.obolibrary.org/obo/PATO_0002182",13
"http://purl.obolibrary.org/obo/PATO_0002186",7
"http://purl.obolibrary.org/obo/PATO_0002201",8
"http://purl.obolibrary.org/obo/PATO_0002202",4
"http://purl.obolibrary.org/obo/PATO_0002203",4
"http://purl.obolibrary.org/obo/PATO_0002204",4
"http://purl.obolibrary.org/obo/PATO_0002206",3
"http://purl.obolibrary.org/obo/PATO_0002210",7
"http://purl.obolibrary.org/obo/PATO_0002212",14
"http://purl.obolibrary.org/obo/PATO_0002213",3
"http://purl.obolibrary.org/obo/PATO_0002214",1
"http://purl.obolibrary.org/obo/PATO_0002215",2
"http://purl.obolibrary.org/obo/PATO_0002218",3
"http://purl.obolibrary.org/obo/PATO_0002219",3
"http://purl.obolibrary.org/obo/PATO_0002224",2
"http://purl.obolibrary.org/obo/PATO_0002226",2
"http://purl.obolibrary.org/obo/PATO_0002227",2
"http://purl.obolibrary.org/obo/PATO_0002228",2
"http://purl.obolibrary.org/obo/PATO_0002232",1
"http://purl.obolibrary.org/obo/PATO_0002233",5
"http://purl.obolibrary.org/obo/PATO_0002234",1
"http://purl.obolibrary.org/obo/PATO_0002239",3
"http://purl.obolibrary.org/obo/PATO_0002240",5
"http://purl.obolibrary.org/obo/PATO_0002242",2
"http://purl.obolibrary.org/obo/PATO_0002243",3
"http://purl.obolibrary.org/obo/PATO_0002246",3
"http://purl.obolibrary.org/obo/PATO_0002247",18
"http://purl.obolibrary.org/obo/PATO_0002248",19
"http://purl.obolibrary.org/obo/PATO_0002249",10
"http://purl.obolibrary.org/obo/PATO_0002250",10
"http://purl.obolibrary.org/obo/PATO_0002251",32
"http://purl.obolibrary.org/obo/PATO_0002252",2
"http://purl.obolibrary.org/obo/PATO_0002253",1
"http://purl.obolibrary.org/obo/PATO_0002254",43
"http://purl.obolibrary.org/obo/PATO_0002258",7
"http://purl.obolibrary.org/obo/PATO_0002259",17
"http://purl.obolibrary.org/obo/PATO_0002261",21
"http://purl.obolibrary.org/obo/PATO_0002262",1
"http://purl.obolibrary.org/obo/PATO_0002264",102
"http://purl.obolibrary.org/obo/PATO_0002265",4
"http://purl.obolibrary.org/obo/PATO_0002266",3
"http://purl.obolibrary.org/obo/PATO_0002267",5
"http://purl.obolibrary.org/obo/PATO_0002268",13
"http://purl.obolibrary.org/obo/PATO_0002269",102
"http://purl.obolibrary.org/obo/PATO_0002270",84
"http://purl.obolibrary.org/obo/PATO_0002271",8
"http://purl.obolibrary.org/obo/PATO_0002274",2
"http://purl.obolibrary.org/obo/PATO_0002277",6
"http://purl.obolibrary.org/obo/PATO_0002278",1
"http://purl.obolibrary.org/obo/PATO_0002280",2
"http://purl.obolibrary.org/obo/PATO_0002281",6
"http://purl.obolibrary.org/obo/PATO_0002282",12
"http://purl.obolibrary.org/obo/PATO_0002283",13
"http://purl.obolibrary.org/obo/PATO_0002285",42
"http://purl.obolibrary.org/obo/PATO_0002286",48
"http://purl.obolibrary.org/obo/PATO_0002287",3
"http://purl.obolibrary.org/obo/PATO_0002288",2
"http://purl.obolibrary.org/obo/PATO_0002290",207
"http://purl.obolibrary.org/obo/PATO_0002291",52
"http://purl.obolibrary.org/obo/PATO_0002292",3
"http://purl.obolibrary.org/obo/PATO_0002297",11
"http://purl.obolibrary.org/obo/PATO_0002298",3
"http://purl.obolibrary.org/obo/PATO_0002299",7
"http://purl.obolibrary.org/obo/PATO_0002300",1
"http://purl.obolibrary.org/obo/PATO_0002301",1
"http://purl.obolibrary.org/obo/PATO_0002302",998
"http://purl.obolibrary.org/obo/PATO_0002303",22
"http://purl.obolibrary.org/obo/PATO_0002304",367
"http://purl.obolibrary.org/obo/PATO_0002305",7
"http://purl.obolibrary.org/obo/PATO_0002309",3
"http://purl.obolibrary.org/obo/PATO_0002323",4
"http://purl.obolibrary.org/obo/PATO_0002325",157
"http://purl.obolibrary.org/obo/PATO_0002326",11
"http://purl.obolibrary.org/obo/PATO_0002327",14
"http://purl.obolibrary.org/obo/PATO_0002328",8
"http://purl.obolibrary.org/obo/PATO_0002334",6
"http://purl.obolibrary.org/obo/PATO_0002345",2
"http://purl.obolibrary.org/obo/PATO_0002346",2
"http://purl.obolibrary.org/obo/PATO_0002352",1
"http://purl.obolibrary.org/obo/PATO_0002353",1
"http://purl.obolibrary.org/obo/PATO_0002354",1
"http://purl.obolibrary.org/obo/PATO_0002358",1
"http://purl.obolibrary.org/obo/PATO_0002359",8
"http://purl.obolibrary.org/obo/PATO_0002361",2
"http://purl.obolibrary.org/obo/PATO_0002364",85
"http://purl.obolibrary.org/obo/PATO_0002366",1
"http://purl.obolibrary.org/obo/PATO_0002374",1
"http://purl.obolibrary.org/obo/PATO_0002376",4
"http://purl.obolibrary.org/obo/PATO_0002377",4
"http://purl.obolibrary.org/obo/PATO_0002381",6
"http://purl.obolibrary.org/obo/PATO_0002390",4
"http://purl.obolibrary.org/obo/PATO_0002396",3
"http://purl.obolibrary.org/obo/PATO_0002400",6
"http://purl.obolibrary.org/obo/PATO_0002403",15
"http://purl.obolibrary.org/obo/PATO_0002409",1
"http://purl.obolibrary.org/obo/PATO_0002416",2
"http://purl.obolibrary.org/obo/PATO_0002422",2
"http://purl.obolibrary.org/obo/PATO_0002425",1
"http://purl.obolibrary.org/obo/PATO_0002427",1
"http://purl.obolibrary.org/obo/PATO_0002432",1
"http://purl.obolibrary.org/obo/PATO_0002434",4
"http://purl.obolibrary.org/obo/PATO_0002435",1
"http://purl.obolibrary.org/obo/PATO_0002436",2
"http://purl.obolibrary.org/obo/PATO_0002438",1
"http://purl.obolibrary.org/obo/PATO_0002444",9
"http://purl.obolibrary.org/obo/PATO_0002445",1
"http://purl.obolibrary.org/obo/PATO_0002448",3
"http://purl.obolibrary.org/obo/PATO_0002452",7
"http://purl.obolibrary.org/obo/PATO_0002453",1
"http://purl.obolibrary.org/obo/PATO_0002462",1
"http://purl.obolibrary.org/obo/PATO_0002463",1
"http://purl.obolibrary.org/obo/PATO_0002464",2
"http://purl.obolibrary.org/obo/PATO_0002470",2
"http://purl.obolibrary.org/obo/PATO_0002471",5
"http://purl.obolibrary.org/obo/PATO_0002472",12
"http://purl.obolibrary.org/obo/PATO_0002473",2
"http://purl.obolibrary.org/obo/PATO_0002474",2
"http://purl.obolibrary.org/obo/PATO_0002475",7
"http://purl.obolibrary.org/obo/PATO_0002476",15
"http://purl.obolibrary.org/obo/PATO_0002478",21
"http://purl.obolibrary.org/obo/PATO_0002479",4
"http://purl.obolibrary.org/obo/PATO_0002480",7
"http://purl.obolibrary.org/obo/PATO_0002481",5
"http://purl.obolibrary.org/obo/PATO_0002483",1
"http://purl.obolibrary.org/obo/PATO_0002484",1
"http://purl.obolibrary.org/obo/PATO_0002490",2
"http://purl.obolibrary.org/obo/PATO_0002492",1
"http://purl.obolibrary.org/obo/PATO_0002497",1
"http://purl.obolibrary.org/obo/PATO_0002498",1
"http://purl.obolibrary.org/obo/PATO_0002499",2
"http://purl.obolibrary.org/obo/PATO_0002505",7
"http://purl.obolibrary.org/obo/PATO_0002506",2
"http://purl.obolibrary.org/obo/PATO_0002512",1
"http://purl.obolibrary.org/obo/PATO_0002539",1
"http://purl.obolibrary.org/obo/PATO_0002630",1
"http://purl.obolibrary.org/obo/PATO_0005001",1
"http://purl.obolibrary.org/obo/PATO_0005002",2
"http://purl.obolibrary.org/obo/PATO_0005003",2
"http://purl.obolibrary.org/obo/PATO_0005013",13
"http://purl.obolibrary.org/obo/PATO_0005016",1
"http://purl.obolibrary.org/obo/PATO_0005020",22
"http://purl.obolibrary.org/obo/PATO_0005024",1
"http://purl.obolibrary.org/obo/PATO_0010000",1
"http://purl.obolibrary.org/obo/PATO_0010001",8
"http://purl.obolibrary.org/obo/PATO_0015001",5
"http://purl.obolibrary.org/obo/PATO_0015002",15
"http://purl.obolibrary.org/obo/PATO_0015003",40
"http://purl.obolibrary.org/obo/PATO_0015004",8
"http://purl.obolibrary.org/obo/PATO_0015007",10
"http://purl.obolibrary.org/obo/PATO_0015009",4
"http://purl.obolibrary.org/obo/PATO_0015010",2
"http://purl.obolibrary.org/obo/PATO_0015019",4
"http://purl.obolibrary.org/obo/PATO_0015020",2
"http://purl.obolibrary.org/obo/PATO_0015021",1
"http://purl.obolibrary.org/obo/PATO_0015022",1
"http://purl.obolibrary.org/obo/PATO_0015028",1
"http://purl.obolibrary.org/obo/PATO_0020000",1
"http://purl.obolibrary.org/obo/PATO_0020002",2
"http://purl.obolibrary.org/obo/PATO_0030001",1
"http://purl.obolibrary.org/obo/PATO_0030003",1
"http://purl.obolibrary.org/obo/PATO_0040003",4
"http://purl.obolibrary.org/obo/PATO_0045000",1
"http://purl.obolibrary.org/obo/PATO_0045020",1
"http://purl.obolibrary.org/obo/PATO_0045026",1
"http://purl.obolibrary.org/obo/PATO_0045047",13
"http://purl.obolibrary.org/obo/PATO_0045049",13
"http://purl.obolibrary.org/obo/PATO_0045050",3
"http://purl.obolibrary.org/obo/PATO_0045051",1
"http://purl.obolibrary.org/obo/PATO_0045054",1
"http://purl.obolibrary.org/obo/PATO_0045055",1
"http://purl.obolibrary.org/obo/PATO_0045059",1
"http://purl.obolibrary.org/obo/PATO_0045086",3
